system,status,net_pnl,trades,winners,losers,win_rate,average_winner,average_loser,expectancy,profit_factor,max_dd_pct,combined_adverse,positive_months,negative_months,zero_months,trade_log_hash
Executable floor fusion,ENGINE_EXECUTED,8426.087966035951,490,259,231,0.5285714285714286,170.09082455580332,-154.2313229173901,17.19609788986929,1.236505598159711,16.50790461831111,163.03476379895824,48,29,1,dd549bddd07adc2079b300c41c4be7239960b391faa44469f1ab81053d0d02bb
Variant B teacher,TEACHER_REFERENCE,19589.90764119483,416,250,166,0.6009615384615384,163.17825185973936,-127.73888749240969,47.09112413748757,1.9238493784552415,12.199084883496994,14242.707575577006,59,16,3,7226e29ea556f729d26fa409b0403e4054b8c062480045d27d6bb63541fc92e7
Variant C teacher,TEACHER_REFERENCE,20455.48329711572,318,205,113,0.6446540880503144,174.35860659670135,-135.29231022308014,64.32541917331987,2.3380063935798527,10.865101101285742,15550.453247657932,54,16,8,28e88facffb27f00e3117d7e8874d48a09281979205faa1ab82ea9cebcf97e95
PF1.2 teacher,TEACHER_REFERENCE,21684.986096939287,325,212,113,0.6523076923076923,174.40102430258182,-135.29231022308014,66.72303414442858,2.4184289669893126,10.865101101285742,15922.970046540086,56,16,6,429dcb08a667976e1aa8f2f04e4bd74226e046a4f7ab50dc38d20a16be2c6222
Best Variant C live rebuild,ENGINE_EXECUTED,4836.544899501603,248,132,116,0.532258064516129,151.88176169544124,-131.13661762324693,19.50219717540969,1.3179459203507706,6.40038657342014,1646.4598697446877,42,27,9,430764c6759a32f68edd81979b5b7df4e93cbbc012bd2e87b8b856ca37f15737
Best Variant B rescue rebuild,ENGINE_EXECUTED,3424.550802646084,331,165,166,0.4984894259818731,140.9916891721839,-119.51251753472444,10.34607493246551,1.17261642995958,7.394406622349011,-1342.5755235921156,43,26,9,8256653baa242d9f64b38be2247a55790ea08528305e633f74c033b65ba53926
PF1.2 distilled live router,ENGINE_EXECUTED,3637.702990280283,136,76,60,0.5588235294117647,143.7474547855393,-121.45172622367839,26.74781610500208,1.4991973770687985,5.954201965443343,2117.1794999388853,35,23,20,c7b094f0bc66ef90a4db2d0d4eaf852615052bbdc67118aa1856ceda3ff6cafe
