benchmark,net_pnl,trades,winning_trades,losing_trades,win_rate,average_win,average_loss,expectancy,profit_factor,max_dd_pct,stress_pnl,positive_months,negative_months,zero_months,sleeve_contribution,conflict_count,rejected_signal_count
Executable floor fusion,8426.087966035951,490,259,231,0.5285714285714286,170.09082455580332,-154.2313229173901,17.19609788986929,1.236505598159711,16.50790461831111,163.03476379895824,48,29,1,see lineage/compiler files,,
Protected PF1.2 reconstructed trade set,21684.986096939287,325,212,113,0.6523076923076923,174.40102430258182,-135.29231022308014,66.72303414442858,2.4184289669893126,10.865101101285742,15922.970046540086,56,16,6,see lineage/compiler files,,
Rebuilt Variant B executable proxy,2663.803301209767,336,165,171,0.49107142857142855,137.51022881825372,-117.10751142574325,7.927986015505259,1.1330213313684476,9.353015750271965,-1729.3096294596546,39,30,9,see lineage/compiler files,,
Rebuilt Variant C executable proxy,3032.8952229687984,253,130,123,0.5138339920948617,141.4684741023235,-124.86184073441675,11.987728154026872,1.1974797471713639,11.195097057310182,806.3424360765293,43,26,9,see lineage/compiler files,,
Rebuilt PF1.2 executable fusion,5052.750274399945,250,134,116,0.536,154.91220694564808,-135.39211600273188,20.21100109759978,1.321718821646973,6.399170776187213,1119.188296088225,42,27,9,see lineage/compiler files,,
Dirty PF8 no-forcing baseline,23216.74574724609,555,329,226,0.5927927927927928,166.305998756569,-139.3713621401111,41.831974319362324,1.7370880352027813,15.289615246532998,13281.952791299049,54,20,4,see lineage/compiler files,,
Best real recovered PF8/PF8.1 candidate,180.75063138911457,3,2,1,0.6666666666666666,96.70134792536882,-12.652064461623064,60.250210463038194,15.286255965370497,0.12412012788205729,120.74918499761587,2,1,75,vwap_reclaim_variant,,
